auc,delta
0.7091151328700238,-7.430000000000001
